781935539649937408;351927492;2088;5647;5694;455;284;Los Angeles;The Code Curmudgeon;351927492;Ranting about software development, security, IoT and automotive. Shutterbug. RT != endorsement. #StaticAnalysis #iot #infosec #cybersecurity #appsec #swsec;Will it make the car run slower and ask for confirmation when you break? :) https://t.co/W28VdwE989
781935545090015233;3019772453;812;6799;631;568;745;Germany - Pakistan - USA;Hina Munir;3019772453;MD HKDWorld GmbH&Co.KG, MD HKD Trading & Consulting & Partner/Director Cielo Wigle Inc, Yes Pvt. Ltd & Xgear Pvt Ltd;RT @xgeario: XGear helps you to unlock your vehicle's data potential by enabling you to optimize your operations. #telematics #IoT
781935565872693248;14968996;3253;11130;2445;1864;235;Massachusetts;Michael Corey;14968996;★Columnist★Entrepreneur★Microsoft MVP★VMware vExpert★Author★Oracle Ace★Speaker★Virtualization Nut★Blog: http://michaelcorey.com/;Microsoft Ignite: How algorithms, the cloud, IoT and data are changing computing https://t.co/klbOZM6aCm
781935568875884544;2283588840;1204;21802;783;469;435;Paris, France;Xin WEI;2283588840;K3OPS - Stick'N Charge - Renewable Energy;"RT @LaFrenchTechJP: RT @inkalex: Cyber Things &amp; Internet of security by #K3OPS - [ #FrenchTech #BigData #IoT #iotsecurity ] … https://t.co/…"
781935569416949760;3019772453;812;6800;631;568;745;Germany - Pakistan - USA;Hina Munir;3019772453;MD HKDWorld GmbH&Co.KG, MD HKD Trading & Consulting & Partner/Director Cielo Wigle Inc, Yes Pvt. Ltd & Xgear Pvt Ltd;RT @xgeario: Reduce fuel costs by 10% on average, often equating to payback of millions for fleet managers. #telematics #IoT
781935581639143424;22169624;2981;8427;1719;2249;243;Seattle;Onvia;22169624;For more than 15 years, Onvia has been delivering tools and intelligence to help prime contractors and subcontractors win more government business.;Online threats have increased dramatically, raising importance of #cybersecurity: https://t.co/eFbQirRbzM @statelocal #IoT #B2G
781935587569889281;3617663605;586;11976;2006;2015;588;San Diego, CA;Brian D Colwell;3617663605;#Commodities #Agriculture #BaseMetal #News #Mining #Gold #Silver #Glencore $GLNCY $ABX $AG $SLW $GLD $SLV $GDX $GDXJ $HL $XME $MON $MOO #4IR #Agtech #Ag #Tech;Creating a Healthy #Cyber #Infrastructure https://t.co/fOhIEZ0QTw @BrianDColwell #AI #BigData #IOT #CyberSecurity… https://t.co/lvGY7gNx0q
781935591789395968;2849814681;911;451348;16203;15921;3289;UK;@ AT Social Media RT;2849814681;This Is @ATSocialMediaUK Promo Account! We RT Your Business Tweets When You Include #ATSocialMedia If Your Business Needs To Be Heard Then Include It :);RT @22ana222: Everilion, #Teekit app https://t.co/hbCkwNi1XW  #B2Bdata #GASSTATION  #SocialMedia #UKSOPRO #UKSmallBiz #KPRS…
781935594347700224;3246375571;682;252;104;195;197;San Jose, CA;Talent at Nimble;3246375571;In search of a fantastic employee experience at the leader in predictive #FlashStorage solutions? Join the conversation. #LifeAtNimble;See our latest #Sydney #job and click to apply: Sales Engineer - Sydney - https://t.co/ElMl5Ka6AW #B2B #flashstorage #Bigdatajobs #IoT
781935598810570753;755369070376148994;283;24444;1269;22;4136;Social Media;SaffaBuzz;755369070376148994;It's all #binary to me. #Coffee & #IOT - it's a life. I mess around on the #internet - not too serious about most anything. One life. Live it.;RT @isostandards: Did you know #standards help to resolve some of the complexities that businesses face in the #IoT era?…
781935600484098048;3019772453;812;6801;631;568;745;Germany - Pakistan - USA;Hina Munir;3019772453;MD HKDWorld GmbH&Co.KG, MD HKD Trading & Consulting & Partner/Director Cielo Wigle Inc, Yes Pvt. Ltd & Xgear Pvt Ltd;"RT @xgeario: Poorly run fleets lack organization, control, &amp; planning. XGear helps you operate efficiently. #fleetmanagement #IoT https://t…"
781935600685477888;775649980883300352;227;2312;61;13;93;internet of things;microbot;775649980883300352;...read everything about this nice, tiny, fancy, cool, cheap development board...;RT @PratikPanda_com: Some more #ESP32 #nano32 updates for those who are too eager to get started! https://t.co/8zZPRDj2GQ https://t.co/3vaP…
781935600836419585;755369070376148994;283;24445;1269;22;4136;Social Media;SaffaBuzz;755369070376148994;It's all #binary to me. #Coffee & #IOT - it's a life. I mess around on the #internet - not too serious about most anything. One life. Live it.;RT @joeDmarti: My conversation with the @washingtonpost about the future of #marketing, #mobile, and #IoT https://t.co/ErmwdfvWoy https://t…
781935601767579649;755369070376148994;283;24446;1269;22;4136;Social Media;SaffaBuzz;755369070376148994;It's all #binary to me. #Coffee & #IOT - it's a life. I mess around on the #internet - not too serious about most anything. One life. Live it.;RT @digitalistmag: Digitization and automation is saving businesses millions of dollars and hours with #SAPIoT #IoT [video]…
781935602765852672;755369070376148994;283;24447;1269;22;4136;Social Media;SaffaBuzz;755369070376148994;It's all #binary to me. #Coffee & #IOT - it's a life. I mess around on the #internet - not too serious about most anything. One life. Live it.;RT @FrHalper: #Cybersécurité  #IoT : les #startup jouent la montre pour dominer le secteur https://t.co/mRbLvVfWWM https://t.co/L2HB7J5Obr
781935603730550784;755369070376148994;283;24448;1269;22;4136;Social Media;SaffaBuzz;755369070376148994;It's all #binary to me. #Coffee & #IOT - it's a life. I mess around on the #internet - not too serious about most anything. One life. Live it.;RT @Ronald_vanLoon: K3OPS PREVENTS “IOT” RISK FROM CYBER ATTACKS | #MachineLearning #IoT #RT https://t.co/iTo4a2y1P0 https://t.co/di2vVakJCF
781935608163958784;3727769303;585;70029;50649;4288;1160;London, England, #cloud, #SaaS;CRM_CWS_Cloud;3727769303;LinkedIn C.F.R. Read;Trillions for the Internet of Things? https://t.co/nq7K0fKJeT